title,description,content,published_at,source,url
"NYSE: ORCL: Kessler Topaz Meltzer & Check, LLP Files a Securities Fraud Class Action Lawsuit Against Oracle Corporation","Did you buy ORCL common stock between June 12, 2025, and December 16, 2025?  Affected Oracle Corporation Investor Summary  Who: Oracle Corporation (NYSE:...","Did you buy ORCL common stock between June 12, 2025, and December 16, 2025?
Affected Oracle CorporationInvestor Summary
<ul><li>Who: Oracle Corporation (NYSE: ORCL)</li><li>What: Securities fraud c… [+6973 chars]",2026-03-03T15:29:00Z,GlobeNewswire,https://www.globenewswire.com/news-release/2026/03/03/3248603/0/en/NYSE-ORCL-Kessler-Topaz-Meltzer-Check-LLP-Files-a-Securities-Fraud-Class-Action-Lawsuit-Against-Oracle-Corporation.html
Veloryx Nexorin Review: Scam or Legit Trading Platform? Truth Revealed,Veloryx Nexorin is introduced as a newly developed cryptocurrency trading platform created to make easier and enhance the overall user experience for individuals interested in cryptocurrency markets. The platform suggests that it uses high-level tools such as…,Veloryx Nexorin is introduced as a newly developed cryptocurrency trading platform created to make easier and enhance the overall user experience for individuals interested in cryptocurrency markets.… [+12923 chars],2026-03-03T15:16:39Z,Whatjapanthinks.com,https://whatjapanthinks.com/veloryx-nexorin-review/
"I’m Still Tired. And If You Are Too, I Get It.",I want to share something about the founder journey that may surprise many of you. I sold my last startup over a decade (!) ago. And … I’m still tired. What do I mean? I sold my second startup to Adobe waaaay back in 2011. That’s quite a long time ago. Fourte…,"I want to share something about the founder journey that may surprise many of you.
I sold my last startup over a decade (!) ago. And … I’m still tired.
What do I mean? I sold my second startup to A… [+4678 chars]",2026-03-03T15:10:40Z,Saastr.com,https://www.saastr.com/im-still-tired-and-if-you-are-too-i-get-it/
Bold Capholm Review: Reliable Trading Platform or Scam? Our Findings,Bold Capholm emerges as a newly launched digital asset trading solution designed to make easier and upgrade the overall investing process for individuals interested in digital asset investors. The platform puts forward that it uses modern tools such as artifi…,"Bold Capholm emerges as a newly launched digital asset trading solution designed to make easier and upgrade the overall investing process for individuals interested in digital asset investors.
The p… [+12612 chars]",2026-03-03T15:06:30Z,Whatjapanthinks.com,https://whatjapanthinks.com/bold-capholm-review/
QUBIC Labs Announces Boston Blockchain Week 2026: “The Digital Infrastructure Stack”,"QUBIC Labs, Boston’s hub for blockchain and digital infrastructure technology, today announced Boston Blockchain Week […]","QUBIC Labs, Boston’s hub for blockchain and digital infrastructure technology, today announced Boston Blockchain Week 2026 (BBW26), taking place September 810, 2026, at Kilroy Square in Quincy Center… [+6464 chars]",2026-03-03T15:00:27Z,Ambcrypto.com,https://ambcrypto.com/qubic-labs-announces-boston-blockchain-week-2026-the-digital-infrastructure-stack/
Meta Grants Are Fueling Innovation in Local Data Center Communities,"We're announcing the recipients of this year's Data Center Community Action Grants, which provide funding to schools, nonprofits, and community organizations.
The post Meta Grants Are Fueling Innovation in Local Data Center Communities appeared first on Meta …",We are committed to making a positive impact and investing in the long-term vitality of the communities where we operate data centers. One way we do this is through our annual Data Center Community A… [+5170 chars],2026-03-03T15:00:19Z,Fb.com,https://about.fb.com/news/2026/03/metas-data-center-grants-fueling-innovation-in-local-communities/
"US stock market big jolt today: Why are Dow, S&P 500 and Nasdaq crashing? Dow Jones sinks 1,000 points, Nasdaq tumbles 500 amid oil surge and war fears","The US stock market crash today erased over 1,000 points from the Dow in hours. The Dow Jones Industrial Average fell 1,047 points, down 2.14%. The S&P 500 dropped 1.93%. The Nasdaq plunged more than 500 points, down 2.01%. This sharp stock market selloff fol…","The US stock market crash today shocked Wall Street with a brutal 1,047-point drop in the Dow. The Dow Jones Industrial Average fell 2.14% to 47,857.78. The S&amp;P 500 slid 1.93% to 6,748.83. The NA… [+6470 chars]",2026-03-03T14:55:06Z,The Times of India,https://economictimes.indiatimes.com/news/international/us/us-stock-market-big-jolt-today-why-are-dow-sp-500-and-nasdaq-crashing-dow-jones-sinks-1000-points-nasdaq-tumbles-500-amid-oil-surge-and-war-fears/articleshow/128977900.cms
Stark Värdeborg Review: Scam or Legit Trading Platform? Truth Revealed,Stark Värdeborg emerges as a freshly created online trading program created to streamline and upgrade the overall user experience for individuals interested in online market participants. The platform claims that it uses improved tools such as machine intelli…,"Stark Värdeborg emerges as a freshly created online trading program created to streamline and upgrade the overall user experience for individuals interested in online market participants.
The platfo… [+12849 chars]",2026-03-03T14:46:35Z,Whatjapanthinks.com,https://whatjapanthinks.com/stark-vardeborg-review/
Fig Security emerges from stealth with $38M to help security teams deal with change | TechCrunch,Fig traces data flows in the security stack and then alerts security teams when changes at any point affect detection or response capabilities.,"For enterprises, being able to study data unlocks much more than new ways to make money. The modern enterprise tech stack is mind-bogglingly complex it employs dozens of tools that work together and … [+4466 chars]",2026-03-03T14:44:28Z,TechCrunch,https://techcrunch.com/2026/03/03/fig-security-emerges-from-stealth-with-38m-to-help-security-teams-deal-with-change/
Brownsville’s edge AI experiment reimagines the economics of the connected city,"Edge AI is becoming a defining telecom trend, as organizations favor lower-cost models that can act on data in real time. Meanwhile, private networks and local infrastructure are giving operators direct control over latency, data governance and service qualit…","Edge AI is becoming a defining telecom trend, as organizations favor lower-cost models that can act on data in real time. Meanwhile, private networks and local infrastructure are giving operators dir… [+5914 chars]",2026-03-03T14:42:38Z,SiliconANGLE News,https://siliconangle.com/2026/03/03/edge-ai-economics-inform-brownsvilles-citywide-ai-push-mwc26/
Frank Depositvale Review: Genuine Trading Platform or Fake? Reality Check,Frank Depositvale is introduced as a newly launched crypto trading system developed to simplify and improve the overall investing process for individuals interested in crypto traders. The platform states that it uses modern technologies such as machine intell…,"Frank Depositvale is introduced as a newly launched crypto trading system developed to simplify and improve the overall investing process for individuals interested in crypto traders.
The platform s… [+12933 chars]",2026-03-03T14:36:41Z,Whatjapanthinks.com,https://whatjapanthinks.com/frank-depositvale-review/
"Singapore expands foreign workforce, to launch new pass for tech talent",Singapore is opening eight service sector jobs to workers from India and other countries starting September. A new work pass will be introduced in 2027 to attract global talent in emerging technologies. This move aims to help businesses hire more workers and …,"Singapore on Tuesday announced an expansion of its foreign manpower policy, opening eight service-sector jobs to workers from more countries, including India, from September and introducing a new wor… [+4981 chars]",2026-03-03T14:31:58Z,The Times of India,https://economictimes.indiatimes.com/tech/technology/singapore-expands-foreign-workforce-to-launch-new-pass-for-tech-talent/articleshow/128976900.cms
CIOs say AI adoption is moving faster than they can manage,"Risk management? Continuity plan if our provider disappears? We've heard of these things AI adoption is moving too rapidly say senior tech leaders, as the pressure to deploy clashes with risk management and compliance concerns.…","AI adoption is moving too rapidly say senior tech leaders, as the pressure to deploy clashes with risk management and compliance concerns.
The Logicalis Global CIO Report 2026 says that organization… [+3275 chars]",2026-03-03T14:22:15Z,Theregister.com,https://www.theregister.com/2026/03/03/cios_say_ai_adoption_too_fast/
AWS backs Open VSX as Rust survey shows VS Code decline,"AI-first editors and agent-driven tooling intensify competition in the IDE market The Open VSX registry, used for installing extensions in editors compatible with Visual Studio Code (VS Code), will run on Amazon Web Services (AWS) infrastructure in Europe as …","The Open VSX registry, used for installing extensions in editors compatible with Visual Studio Code (VS Code), will run on Amazon Web Services (AWS) infrastructure in Europe as part of a ""strategic i… [+3280 chars]",2026-03-03T14:05:08Z,Theregister.com,https://www.theregister.com/2026/03/03/open_vsx_aws/
Spring Forecast 2026 speech,Spring Forecast 2026 speech as delivered by Chancellor Rachel Reeves.,"Mr Speaker this government has the right economic plan for our country  
a plan that is even more important in a world that in the last few days has become yet more uncertain.  
With unfolding conf… [+13428 chars]",2026-03-03T14:03:29Z,Www.gov.uk,https://www.gov.uk/government/speeches/spring-forecast-2026-speech
"European Alliance Pledges Financial Support for Artistic Freedom, Iranian Artists Both Terrified and Joyful as War Continues, and More: Morning Links for March 3, 2026","The European Alliance of Academies has created a fund to support artistic freedom, Iranian artists weigh in on the ongoing war, and more art news.","To receive Morning Links in your inbox every weekday, sign up for our Breakfast with ARTnews newsletter.
Good morning!
<ul><li>The European Alliance of Academies has launched a nearly $2 million pl… [+4656 chars]",2026-03-03T14:02:17Z,ARTnews,https://www.artnews.com/art-news/news/european-alliance-artistic-freedom-pledge-morning-links-march-3-2026-1234775415/
DeepKeep launches AI agent attack surface scanner to map enterprise risk,Artificial intelligence security platform company DeepKeep Ltd. today launched a new AI agent attack surface scanning and discovery solution that maps the risks associated with each agent within an agentic enterprise workflow. As organizations increasingly de…,Artificial intelligence security platform company DeepKeep Ltd. today launched a new AI agent attack surface scanning and discovery solution that maps the risks associated with each agent within an a… [+3771 chars],2026-03-03T14:00:53Z,SiliconANGLE News,https://siliconangle.com/2026/03/03/deepkeep-launches-ai-agent-attack-surface-scanner-map-enterprise-risk/
Alkira launches partner program to boost services revenue and AI infrastructure wins,"Cloud networking company Alkira Inc. today announced the launch of a new Connect Partner Program, designed to help partners solve complex networking and artificial intelligence infrastructure challenges more quickly and profitably. The program has been built …","Cloud networking company Alkira Inc. today announced the launch of a new Connect Partner Program, designed to help partners solve complex networking and artificial intelligence infrastructure challen… [+4191 chars]",2026-03-03T14:00:52Z,SiliconANGLE News,https://siliconangle.com/2026/03/03/alkira-launches-connect-partner-program-boost-services-revenue-ai-infrastructure-wins/
"In Proptech, Angel Investors Help Answer Startups’ Prayers — Selectively","In the beginning, there were angel investors. And not much else. Today, a variety of sources finance early-stage and especially mid- and late-stage proptech growth, with angel investors — those wealthy patrons with money to support high-risk startups — a rela…","In the beginning, there were angel investors. And not much else.
Today, a variety of sources finance early-stage and especially mid- and late-stage proptech growth, with angel investors those wealth… [+10165 chars]",2026-03-03T14:00:33Z,Commercial Observer,http://commercialobserver.com/2026/03/angel-investors-proptech-ai/
Exclusive: CrowdStrike and SentinelOne veterans raise $34M to tackle enterprise AI’s governance gap,"As companies deploy AI at scale, JetStream wants to give enterprises a way to see, control, and stop it.","Last month, an agentic AI assistant called OpenClaw that promised to manage your calendar, check you in for flights, respond to emails, and organize your files went viral. Within weeks, security rese… [+3989 chars]",2026-03-03T14:00:00Z,Fortune,https://fortune.com/2026/03/03/ai-governance-crowdstrike-sentinelone-veterans-raise-34m-enterprise-adoption-gap/
Will animal reservoirs give us the next SARS-CoV-2 variant?,,"Citation: Smith D (2026) Will animal reservoirs give us the next SARS-CoV-2 variant? PLoS Pathog 22(3):
 e1014008.
https://doi.org/10.1371/journal.ppat.1014008
Editor: Wendy Maury, University of I… [+18413 chars]",2026-03-03T14:00:00Z,Plos.org,https://journals.plos.org/plospathogens/article?id=10.1371/journal.ppat.1014008
Hybrid lightweight vision transformers with attention mechanism for feature extraction and classification of product designs,"In modern consumer markets, product packaging strongly influences customer attention and buying decisions. Attractive and informative designs help brands stand out in competitive environments. Recently, Artificial Intelligence (AI) has been widely used to sup…","Abstract
In modern consumer markets, product packaging strongly influences customer attention and buying decisions. Attractive and informative designs help brands stand out in competitive environmen… [+67538 chars]",2026-03-03T14:00:00Z,Plos.org,https://journals.plos.org/plosone/article?id=10.1371/journal.pone.0343510
Computational frameworks for automated detection and quantification of paroxysmal sympathetic hyperactivity among traumatic brain injury patients,Paroxysmal sympathetic hyperactivity (PSH) is a syndrome that occurs in a large subset of critically ill traumatic brain injury (TBI) patients and is associated with complications and poor recovery. PSH is defined by recurrent episodic vital sign elevations i…,"Abstract
Paroxysmal sympathetic hyperactivity (PSH) is a syndrome that occurs in a large subset of critically ill traumatic brain injury (TBI) patients and is associated with complications and poor … [+37077 chars]",2026-03-03T14:00:00Z,Plos.org,https://journals.plos.org/plosone/article?id=10.1371/journal.pone.0344088
Anthrax-causing bacteria form biofilms on a soil-inspired porous glass bead model,"Author summary Anthrax is a deadly disease caused by bacteria that can form highly resistant spores, allowing them to survive in the environment for long periods. Two closely related bacteria, Bacillus anthracis and Bacillus cereus biovar anthracis (Bcbva), c…","Citation: Borst L, Howaldt S, Berdaguer R, Schaudinn C, Dupke S, Stämmler M, et al. (2026) Anthrax-causing bacteria form biofilms on a soil-inspired porous glass bead model. PLoS Negl Trop Dis 20(3):… [+35813 chars]",2026-03-03T14:00:00Z,Plos.org,https://journals.plos.org/plosntds/article?id=10.1371/journal.pntd.0014043
Integrating sequence-based GWAS and comparative genomic analysis reveals conservation and species-specificity of putative functional variants influencing tail length and tail abnormalities in pigs and sheep,"Long tails trigger tail biting in pigs and increase the risk of flystrike infections in sheep. Tail docking has been a common management practice in both species for decades, but increasingly conflicts with legal animal welfare guidelines. Sustainable solutio…","Abstract
Long tails trigger tail biting in pigs and increase the risk of flystrike infections in sheep. Tail docking has been a common management practice in both species for decades, but increasing… [+57261 chars]",2026-03-03T14:00:00Z,Plos.org,https://journals.plos.org/plosone/article?id=10.1371/journal.pone.0343836
Nvidia-backed Ayar Labs raises $500 million at $3.75 billion valuation,"March 3 : Nvidia-backed Ayar Labs, which develops chips that transmit data using light, said on Tuesday it has raised $500 million in a series E round at a valuation of $3.75 billion.The latest round, which brings the company's total funding to $870 million, …","March 3 : Nvidia-backed Ayar Labs, which develops chips that transmit data using light, said on Tuesday it has raised $500 million in a series E round at a valuation of $3.75 billion.
The latest rou… [+1201 chars]",2026-03-03T13:52:43Z,CNA,https://www.channelnewsasia.com/business/nvidia-backed-ayar-labs-raises-500-million-375-billion-valuation-5967486
Tesla Stock Closes Near $403 Amid Geopolitical Pressures and Autonomy Focus,"Tesla Inc. (NASDAQ: TSLA) shares closed at $403.32 on March 2, 2026, up 0.20% or $0.81 from the prior session, capping a resilient performance despite broader market volatility tied to Middle East tensions and surging oil prices.","Tesla Inc. (NASDAQ: TSLA) shares closed at $403.32 on March 2, 2026, up 0.20% or $0.81 from the prior session, capping a resilient performance despite broader market volatility tied to Middle East te… [+4729 chars]",2026-03-03T13:49:21Z,Ibtimes.com.au,https://www.ibtimes.com.au/tesla-stock-closes-near-403-amid-geopolitical-pressures-autonomy-focus-1862550
Can we build the dog?,What resource-constrained teams need to ask before writing a line of code,"Will the dog hunt?
My sneakers squeaked on the concrete floor. Twenty entrepreneurs in black hoodies looked up at me, taking notes. This room had been a working garage once; now, we ceremonially ope… [+14250 chars]",2026-03-03T13:46:24Z,Werd.io,https://werd.io/can-we-build-the-dog/
Nvidia-backed Ayar Labs raises $500 million at $3.75 billion valuation,"Ayar Labs, supported by Nvidia, has secured $500 million in a new funding round. This brings their total funding to $870 million. The company develops chips that use light for data transmission. This technology aims to speed up AI computing by connecting chip…","Nvidia-backed Ayar Labs, which develops chips that transmit data using light, said on Tuesday it has raised $500 million in a series E round at a valuation of $3.75 billion.The latest round, which br… [+1111 chars]",2026-03-03T13:43:05Z,The Times of India,https://economictimes.indiatimes.com/tech/startups/nvidia-backed-ayar-labs-raises-500-million-at-3-75-billion-valuation/articleshow/128975052.cms
Going Native in the Trump Jungle: How It Became Legal to Attack Iran,"The allies of the United States have gone native, feral even, in the jungle of international relations planted by President Donald J. Trump.  While we keep hearing about how awful Russia’s war against Ukraine is, with its shattering of …
The post Going Native…","The allies of the United States have gone native, feral even, in the jungle of international relations planted by President Donald J. Trump.  While we keep hearing about how awful Russias war against… [+9160 chars]",2026-03-03T13:09:27Z,Globalresearch.ca,https://www.globalresearch.ca/going-native-trump-jungle-legal-to-attack-iran/5917773
"With Teens Comfortable Confiding in AI, Should Schools Embrace It for Mental Health Care?",Why are students so comfortable using AI for emotional support?,"The alert came around 7 p.m. 
Brittani Phillips checked her phone. A middle school counselor in Putnam County, Florida, Phillips receives messages from an artificial intelligence-enabled therapy pla… [+10578 chars]",2026-03-03T13:00:00Z,Edsurge.com,https://www.edsurge.com/news/2026-03-03-with-teens-comfortable-confiding-in-ai-should-schools-embrace-it-for-mental-health-care
Human Capital Development,The Spring 2026 cover story examines how to invest in human flourishing in the age of AI. Plus: two important critiques of contemporary philanthropy and a new academic editor.,A year ago I accepted an invitation to attend a workshop at Stanford associated with a yearlong project called Education and Learning for Longer Lives. The Stanford Center on Longevity and the Center… [+2596 chars],2026-03-03T13:00:00Z,Ssir.org,https://ssir.org/articles/entry/editors-note-spring-2026-human-capital-development
Welcome to the Era of Relational Intelligence,"As AI begins to transform education, work, and social life, we need to focus
on developing and expanding capacities essential for human flourishing.","Every morning at 74th Street Elementary School in South Los Angeles, a small figure walks briskly through the front gate. Her name is Linda Ricks; shes a retired office manager and lifelong community… [+34936 chars]",2026-03-03T13:00:00Z,Ssir.org,https://ssir.org/articles/entry/era-of-relational-intelligence
"Belgium’s €3.4B Marketing Goldmine: How Bancontact, Bureaucrats, and Growth Engineers Built Europe’s Weirdest Success Story","Inside the accidental digital revolution where compliance becomes competitive advantage, AI kills SEO, and speaking Dutch pays better than Silicon Valley tactics ","Belgiums 1.98 Billion Digital Ad Revolution: How Shopify, Bancontact, and Brussels Bureaucrats Built Europes Weirdest Marketing Goldmine
Plus: Why your startups growth strategy is about to become ex… [+11165 chars]",2026-03-03T12:47:07Z,Beehiiv.com,http://waffle-wednesday-77debe.beehiiv.com/p/belgium-s-3-4b-marketing-goldmine-how-bancontact-bureaucrats-and-growth-engineers-built-europe-s-wei
VerveSemi Closes $10 Million Fundraise to Accelerate Analog-AI Innovation; Transaction Managed by Six Stone Capital,VerveSemi Closes $10 Million Fundraise to Accelerate Analog-AI Innovation; Transaction Managed by Six Stone Capital,"In a massive win for Indias deep-tech ecosystem, fabless semiconductor innovator VerveSemi has officially closed a $10 million Series A funding round.
Led by ace investor Ashish Kacholia and Unicorn… [+1717 chars]",2026-03-03T12:42:28Z,BusinessLine,https://www.thehindubusinessline.com/brandhub/pr-release/vervesemi-closes-10-million-fundraise-to-accelerate-analog-ai-innovation-transaction-managed-by-six-stone-capital/article70698131.ece
ZenaTech’s ZenaDrone Advances U.S. Defense and Congressional Engagement with Blue UAS-Aligned Drone Development,"VANCOUVER, British Columbia, March 03, 2026 (GLOBE NEWSWIRE) -- In light of current international events, ZenaTech, Inc. (Nasdaq: ZENA) (FSE: 49Q) (BMV: ZENA) (""ZenaTech""), a technology solution provider specializing in AI (Artificial Intelligence) drone, Dro…","VANCOUVER, British Columbia, March 03, 2026 (GLOBE NEWSWIRE) -- In light of current international events, ZenaTech, Inc. (Nasdaq: ZENA) (FSE: 49Q) (BMV: ZENA) (""ZenaTech""), a technology solution prov… [+9677 chars]",2026-03-03T12:30:00Z,GlobeNewswire,https://www.globenewswire.com/news-release/2026/03/03/3248231/0/en/ZenaTech-s-ZenaDrone-Advances-U-S-Defense-and-Congressional-Engagement-with-Blue-UAS-Aligned-Drone-Development.html
Preparing for AI-Enabled Bioweapons,"The prospect of bioweapons developed by non-state actors has lent new urgency to multilateral pandemic preparation and response efforts. Yet at a time when AI has made such threats exponentially greater, the funding model that sustains critical health-securit…",The prospect of bioweapons developed by non-state actors has lent new urgency to multilateral pandemic preparation and response efforts. Yet at a time when AI has made such threats exponentially grea… [+5956 chars],2026-03-03T12:01:59Z,Project Syndicate,https://www.project-syndicate.org/commentary/ai-bio-threats-global-health-security-by-sania-nishtar-2026-03
Dayton Children’s Whitlock Says Issues at the Heart of Epic/Health Gorilla Lawsuit Could Threaten Trust That Holds TEFCA Together,"The U.S. healthcare system is racing to connect its data networks, deploy AI at scale, and prepare for a demographic wave that will strain every resource it has. The panelists at ViVE 2026’s “Make Health Tech Great Again” session agreed on the destination. Wh…","J.D. Whitlock, CIO, Dayton Children’s Hospital
The U.S. healthcare system is racing to connect its data networks, deploy AI at scale, and prepare for a demographic wave that will strain every resour… [+7069 chars]",2026-03-03T12:00:47Z,Healthsystemcio.com,https://healthsystemcio.com/2026/03/03/dayton-childrens-whitlock-says-issues-at-the-heart-of-epic-health-gorilla-lawsuit-could-threaten-trust-that-holds-tefca-together/
America’s $10 Trillion War Machine Still Runs on Chinese Rare Earths,"The U.S. government spends roughly $900 billion on defense each year. The private aerospace and defense sector generates close to $1 trillion in annual revenue. Over the next five years, nearly $10 trillion will flow through production lines that build fighte…","Brazil, already South America's largest…
Battery rental programs are emerging…
The UK has signed a…
By Michael Kern - Mar 03, 2026, 6:00 AM CSTThe U.S. government spends roughly $900 billion on de… [+13034 chars]",2026-03-03T12:00:00Z,OilPrice.com,https://oilprice.com/Energy/Energy-General/Americas-10-Trillion-War-Machine-Still-Runs-on-Chinese-Rare-Earths.html
Nvidia invests $2bn each in Lumentum and Coherent for AI optics R&D,"Nvidia is investing $2bn each in Lumentum and Coherent, aimed at advancing R&D in advanced optical technologies for future AI infrastructure.",Nvidia is investing $2bn each in Lumentum Holdings and Coherent as part of separate multiyear agreements aimed at advancing research and development (R&amp;D) in advanced optical technologies for fut… [+4592 chars],2026-03-03T11:44:29Z,Verdict,https://www.verdict.co.uk/nvidia-invests-lumentum-coherent/
Mycoverse secures funding to replace chemical pesticide,Copenhagen-area AgTech startup Mycoverse has secured €2.4 million in pre-seed equity financing to advance a biological crop protection platform that uses fungi to replace or reduce ...,Copenhagen-area AgTech startup Mycoverse has secured 2.4 million in pre-seed equity financing to advance a biological crop protection platform that uses fungi to replace or reduce chemical pesticides… [+3649 chars],2026-03-03T11:43:48Z,The Next Web,https://thenextweb.com/news/mycoverse-raises-e2-4m-pre-seed-to-develop-fungal-based-biological-crop-protection
Making sense of Anthropic’s fight with the Pentagon—and OpenAI’s opportunity,Anthropic—valued at $380 billion—faces what my colleague Jeremy Kahn calls “the biggest crisis in its five-year existence.”,"Turn on to politics, or politics will turn on you. Thats a famous line from perennial presidential candidate Ralph Nader from more than 20 years ago, and it echoes back to what Greek general Pericles… [+8795 chars]",2026-03-03T11:40:16Z,Fortune,https://fortune.com/2026/03/03/anthropic-fight-with-the-pentagonand-openai-opportunity/
Investor Reminder: Fermi Inc. Faces Federal Securities Fraud Allegations after Stock Drops 33% -- Contact BFA Law before Friday’s March 6 Court Deadline (NASDAQ: FRMI),Fermi Inc. Faces Federal Securities Fraud Allegations after Stock Drops 33% -- Contact BFA Law before Friday’s March 6 Court Deadline ...,"NEW YORK, March 03, 2026 (GLOBE NEWSWIRE) -- Leading securities law firm Bleichmar Fonti &amp; Auld LLP announces that a class action lawsuit has been filed against Fermi Inc. (NASDAQ: FRMI), certain… [+4786 chars]",2026-03-03T11:33:00Z,GlobeNewswire,https://www.globenewswire.com/news-release/2026/03/03/3248146/0/en/Investor-Reminder-Fermi-Inc-Faces-Federal-Securities-Fraud-Allegations-after-Stock-Drops-33-Contact-BFA-Law-before-Friday-s-March-6-Court-Deadline-NASDAQ-FRMI.html
Dollar surge pressures crypto markets after escalation in Iran conflict,"Risk assets fell across the board Tuesday as the U.S. dollar strengthened to a near two-month high following renewed military escalation in Iran, pressuring the crypto market.","The crypto market, U.S. equities and precious metals all tumbled on Tuesday as the dollar index (DXY) rose by 0.5% since midnight UTC to its highest level since Jan. 19.
The risk-off sentiment comes… [+2746 chars]",2026-03-03T11:30:00Z,CoinDesk,https://www.coindesk.com/markets/2026/03/03/dollar-surge-pressures-crypto-and-gold-after-escalation-in-iran-conflict
"$1.92 Trillion Artificial Intelligence (AI) in Healthcare Market Trends and Global Long-term Forecasts, 2026-2040","AI in healthcare presents significant opportunities to enhance diagnostic accuracy, personalize treatment, and improve patient management through predictive analytics and precision medicine. Key drivers include chronic disease prevalence, aging populations, v…","Dublin, March 03, 2026 (GLOBE NEWSWIRE) -- The ""Artificial Intelligence (AI) in Healthcare Market, till 2040: Distribution by Type of Platform, Type of Component, Type of Application, Type of Technol… [+9299 chars]",2026-03-03T11:29:00Z,GlobeNewswire,https://www.globenewswire.com/news-release/2026/03/03/3248137/28124/en/1-92-Trillion-Artificial-Intelligence-AI-in-Healthcare-Market-Trends-and-Global-Long-term-Forecasts-2026-2040.html
AI in Genomics Market Research and Global Forecast Report 2026-2040 - Machine Learning-Driven Drug Discovery and Strategic Tech-Pharma Collaborations Fuel Growth,"AI in genomics offers transformative opportunities by enhancing drug discovery and personalized medicine through efficient genomic data analysis. Drivers include the surge in genomic data, the focus on precision therapy, and decreased computational costs. Cha…","Dublin, March 03, 2026 (GLOBE NEWSWIRE) -- The ""AI in Genomics Market, till 2040: Distribution by Type of Component, Type of Technology, Type of Functionality, Type of Application, Type of End User, … [+10192 chars]",2026-03-03T11:20:00Z,GlobeNewswire,https://www.globenewswire.com/news-release/2026/03/03/3248132/28124/en/AI-in-Genomics-Market-Research-and-Global-Forecast-Report-2026-2040-Machine-Learning-Driven-Drug-Discovery-and-Strategic-Tech-Pharma-Collaborations-Fuel-Growth.html
SoftBank’s $30 billion OpenAI bet spurs S&P credit outlook cut,The revised outlook follows SoftBank’s decision last month to deepen its investment in the ChatGPT maker after already injecting more than $30 billion into OpenAI and funding other artificial intelligence ventures.,"S&amp;P Global Inc. lowered its outlook for SoftBank Group Corp. to negative from stable, saying plans for an additional $30 billion investment in OpenAI may hurt the Japanese companys liquidity and … [+2880 chars]",2026-03-03T11:12:14Z,The Times of India,https://economictimes.indiatimes.com/tech/technology/softbanks-30-billion-openai-bet-spurs-sp-credit-outlook-cut/articleshow/128968065.cms
£271 million to clean up shipping and power coastal communities,"This funding will boost skilled jobs and coastal economies, and forms part of a £448 million commitment to clean maritime funding.","<ul><li>over £270 million investment for greener shipping and ports across the UK,supporting thousands of skilled jobs in coastal towns and backing their rejuvenation
</li><li>funding will develop c… [+2568 chars]",2026-03-03T11:06:08Z,Www.gov.uk,https://www.gov.uk/government/news/271-million-to-clean-up-shipping-and-power-coastal-communities
Automation and Control in Water and Wastewater Industry Business Report 2026: Market to Expand by $1.5 Billion Between 2024-2030 - Public-Private Partnerships Facilitate Infrastructure Modernization,"The market for Automation and Control in Water and Wastewater is driven by the need for efficient resource management and regulation compliance. Key opportunities include adopting technologies like AI, IoT, and SCADA for enhanced monitoring and maintenance. G…","Dublin, March 03, 2026 (GLOBE NEWSWIRE) -- The ""Automation and Control in Water and Wastewater Market - Global Strategic Business Report"" report has been added to ResearchAndMarkets.com's offering.
… [+8379 chars]",2026-03-03T11:02:00Z,GlobeNewswire,https://www.globenewswire.com/news-release/2026/03/03/3248127/28124/en/Automation-and-Control-in-Water-and-Wastewater-Industry-Business-Report-2026-Market-to-Expand-by-1-5-Billion-Between-2024-2030-Public-Private-Partnerships-Facilitate-Infrastructure.html
Healthcare Consulting Services Market Size to Hit USD 77.19 Billion by 2035 Amid Digital Transformation and Value-Based Care Acceleration – SNS Insider,"Rising regulatory complexity, AI-driven analytics adoption, and operational efficiency mandates propel global market at 9.37% CAGR through 2035 Rising regulatory complexity, AI-driven analytics adoption, and operational efficiency mandates propel global marke…","Austin, United States, March 03, 2026 (GLOBE NEWSWIRE) -- Healthcare Consulting Services Market Size &amp; Growth Analysis:
According to SNS Insider, The Healthcare Consulting Services Market size i… [+9614 chars]",2026-03-03T11:00:00Z,GlobeNewswire,https://www.globenewswire.com/news-release/2026/03/03/3248121/0/en/Healthcare-Consulting-Services-Market-Size-to-Hit-USD-77-19-Billion-by-2035-Amid-Digital-Transformation-and-Value-Based-Care-Acceleration-SNS-Insider.html
Britain’s Political Eruption,"And you don’t have to be much of a political strategist to work out that voters are going to punish a social democratic party for not looking after the health sector, or for a weak economy—one a core trusted issue, the other a basic test of government compete…","One of the mysteries of the current British Labour government has been its obsession with the party group known as Blue Labour, which espouses a form of social democracy that marries social conservat… [+10168 chars]",2026-03-03T10:39:59Z,Resilience,https://www.resilience.org/stories/2026-03-03/britains-political-eruption/
"Open Channels FM: What’s New at CloudFest Hackathon 2026: Trends, Changes, and Creative Energy","In this episode enjoy a chat about the CloudFest Hackathon 2026's history, future initiatives, and community engagement, emphasizing inclusivity, mentorship, and project sustainability.","Anne Bovelett:Hello everyone, welcome to a new episode on Open Channels FM, and today We’re speaking about the Cloud Fest Hackathon 2026. With me are Carole Olinger, Pascal Birchler, and Simon Kraft.… [+36257 chars]",2026-03-03T10:22:42Z,Openchannels.fm,https://openchannels.fm/whats-new-at-cloudfest-hackathon-2026-trends-changes-and-creative-energy/
My Unlikely Existence,Is AI helping prospective parents game the fertility lottery? Should it?,"For 15 years, Longreads has published and curated the best longform writing on the weband we wouldnt exist without dedicated readers like you. Give today and ensure that quality journalism continues … [+32648 chars]",2026-03-03T10:00:00Z,Longreads.com,http://longreads.com/2026/03/03/ivf-and-ai-infertility/
Melania Trump presides at UN Security Council meeting as U.S. attacks Iran,"U.S. first lady Melania Trump presided over a U.N. Security Council meeting on Monday focusing on children in conflict, as the United States has joined Israel in attacking Iran.","UNITED NATIONS U.S. first lady Melania Trump presided over a U.N. Security Council meeting on Monday focusing on children in conflict, one of her signature issues, and acknowledged she was doing so i… [+5080 chars]",2026-03-03T09:54:11Z,NPR,https://www.npr.org/2026/03/03/g-s1-112272/melania-trump-presides-un
"AI in Pharma Manufacturing Market Research 2026-2040: Pfizer, Moderna, Novartis, Merck, and Sanofi are Integrating AI Into Their Operations As the Sector Evolves Towards Pharma 4.0","AI revolutionizes pharma manufacturing by enhancing efficiency, quality, and cost-effectiveness. Key opportunities include predictive maintenance, real-time quality control, and supply chain optimization. Major firms leverage AI to remain competitive, with no…","Dublin, March 03, 2026 (GLOBE NEWSWIRE) -- The ""AI in Pharma Manufacturing Market, till 2040: Distribution by Type of Offering, Mode of Deployment, Type of AI Solution, Type of Technology, Applicatio… [+9505 chars]",2026-03-03T09:24:00Z,GlobeNewswire,https://www.globenewswire.com/news-release/2026/03/03/3248076/28124/en/AI-in-Pharma-Manufacturing-Market-Research-2026-2040-Pfizer-Moderna-Novartis-Merck-and-Sanofi-are-Integrating-AI-Into-Their-Operations-As-the-Sector-Evolves-Towards-Pharma-4-0.html
"Battery Passport Industry Research 2025-2035: Minespider, AVL, Siemens, Circulor, and Optel Group Market Shares, Growth Strategies, and Service Offerings","The battery passport market is set to grow from USD 0.15 billion in 2025 to USD 2.35 billion by 2035, at a CAGR of 32.1%, driven by EU Battery Regulation compliance and blockchain-backed identifiers. Europe leads the charge with major automotive players like …","Dublin, March 03, 2026 (GLOBE NEWSWIRE) -- The ""Battery Passport Market by Industry, Battery Type, Technology, End User, Business Model, Region - Global Forecast to 2035"" report has been added to Res… [+9530 chars]",2026-03-03T09:10:00Z,GlobeNewswire,https://www.globenewswire.com/news-release/2026/03/03/3248073/28124/en/Battery-Passport-Industry-Research-2025-2035-Minespider-AVL-Siemens-Circulor-and-Optel-Group-Market-Shares-Growth-Strategies-and-Service-Offerings.html
"Agriculture Biotechnology Industry Research and Global Forecast Report 2025-2030, Profiles of Prominent Players - Bayer, Corteva Agriscience, BASF, Syngenta, Zoetis, Elanco Animal Health, Novonesis","The agriculture biotechnology market, valued at an estimated USD 92.19 billion in 2025, is projected to reach USD 144.25 billion by 2030, growing at a CAGR of 9.4%. This growth is spurred by global food demands, decreasing arable land, and the pursuit of sust…","Dublin, March 03, 2026 (GLOBE NEWSWIRE) -- The ""Agriculture Biotechnology Market by Type of Organism, by Type, by Technology, and by Application - Global Forecast to 2030"" report has been added to Re… [+8863 chars]",2026-03-03T09:01:00Z,GlobeNewswire,https://www.globenewswire.com/news-release/2026/03/03/3248065/28124/en/Agriculture-Biotechnology-Industry-Research-and-Global-Forecast-Report-2025-2030-Profiles-of-Prominent-Players-Bayer-Corteva-Agriscience-BASF-Syngenta-Zoetis-Elanco-Animal-Health-N.html
59% of Product Leaders Say Tariffs Are Rewriting Innovation Roadmap,"What’s next for tariffs is, in a word, uncertain. In the wake of the Friday (Feb. 20) Supreme Court decision striking down most of the tariffs levied by the Trump administration, followed by a spate of new tariff announcements, firm must grapple with how to r…","Whats next for tariffs is, in a word, uncertain.In the wake of the Friday (Feb. 20) Supreme Court decision striking down most of the tariffs levied by the Trump administration, followed by a spate of… [+3853 chars]",2026-03-03T09:00:55Z,pymnts.com,https://www.pymnts.com/business/2026/59percent-of-product-leaders-say-tariffs-are-rewriting-innovation-roadmap/
New ONE Pass visa track targets top AI and tech talent for Singapore,"The new ONE Pass (AI and Tech) track counts employee stock options and share ownership towards the requirement of earning at least S$30,000 a month.","SINGAPORE: Singapore will introduce a new visa track in January 2027 for pinnacle talent in artificial intelligence and technology under the Overseas Networks and Expertise (ONE) Pass.
This is to ma… [+3561 chars]",2026-03-03T08:48:58Z,CNA,https://www.channelnewsasia.com/singapore/one-pass-ai-tech-talent-work-visa-mom-5965706
NHS SBS launches £250m patient communication framework,The procurement framework aims to help NHS organisations buy products and services to help communicate with patients more efficiently,"NHS Shared Business Services (NHS SBS) has launched a £250m communications framework focused on patient and citizen communications.
The framework includes suppliers with a range of services from cha… [+2991 chars]",2026-03-03T07:45:00Z,ComputerWeekly.com,https://www.computerweekly.com/news/366639576/NHS-SBS-launches-250m-patient-communication-framework
Frontiers | Do no harm: managing nausea and vomiting in GLP-1 based obesity therapies,"The advent of new obesity medications has transformed the care of the disease of obesity, reframing weight loss from an aspirational goal to a realistic ther...","Introduction
The advent of new obesity medications has transformed the care of the disease of obesity, reframing weight loss from an aspirational goal to a realistic therapeutic outcome. Disease mod… [+25320 chars]",2026-03-03T06:59:36Z,Frontiersin.org,https://www.frontiersin.org/journals/endocrinology/articles/10.3389/fendo.2026.1788698/full
NPR Turns Its Logo Into Questions in Defense of Curiosity,NPR's new campaign flips its logo to defend the public’s right to stay curious.,"National Public Radio (NPR) is defending the publics right to stay curious.
After a tumultuous year in which the company found itself at the center of a political firestorm and saw Congress cut $1.1… [+1616 chars]",2026-03-03T06:09:51Z,Adweek,https://www.adweek.com/creativity/npr-turns-its-logo-into-questions-in-defense-of-curiosity/
Nordic Lessons for Romania’s Information Defense: Adapting Psychological and Societal Resilience Models for Hybrid Warfare,"On December 6, 2024, Romania’s Constitutional Court took what analysts have called an unprecedented step, annulling a presidential election due to documented Russian interference for the first time in an EU member state’s history. Declassified intelligence ha…","On December 6, 2024, Romania’s Constitutional Court took what analysts have called an unprecedented step, annulling a presidential election due to documented Russian interference for the first time i… [+11788 chars]",2026-03-03T06:00:56Z,Smallwarsjournal.com,https://smallwarsjournal.com/2026/03/03/nordic-lessons-for-romanias-information-defense/
Healthcare organizations are accepting cyber risk to cut costs,"Healthcare organizations are cutting cybersecurity budgets under financial pressure even as the threats targeting their systems intensify. A PwC survey of 381 global healthcare executives, conducted between May and July 2025, puts numbers to the gap between t…","Healthcare organizations are cutting cybersecurity budgets under financial pressure even as the threats targeting their systems intensify. A PwC survey of 381 global healthcare executives, conducted … [+5004 chars]",2026-03-03T06:00:04Z,Help Net Security,https://www.helpnetsecurity.com/2026/03/03/pwc-healthcare-cybersecurity-threats-2026/
Spike Maxalt Hub Review: Reliable Trading Platform or Scam? Our Findings,Spike Maxalt Hub emerges as a freshly created crypto trading system designed to make easier and upgrade the overall trading journey for individuals interested in online market participants. The platform puts forward that it uses high-level methods such as sma…,"Spike Maxalt Hub emerges as a freshly created crypto trading system designed to make easier and upgrade the overall trading journey for individuals interested in online market participants.
The plat… [+12901 chars]",2026-03-03T04:47:12Z,Whatjapanthinks.com,https://whatjapanthinks.com/spike-maxalt-hub-review/
"Elon Musk’s X, xAI plan to repay $17.5 billion in debt in full: Reports","The move includes redeeming high-yield bonds at a premium and comes amid broader restructuring efforts, recent acquisitions and fresh capital raises managed by Morgan Stanley, though the source of the repayment funds has not been disclosed.","Elon Musk’s social media platform X and artificial intelligence startup xAI plan to repay in full about $17.5 billion in debt tied to the companies, Bloomberg News reported on Monday, citing people f… [+1600 chars]",2026-03-03T03:54:29Z,The Indian Express,https://indianexpress.com/article/technology/tech-news-technology/elon-musks-x-xai-plan-to-repay-17-5-billion-in-debt-in-full-reports-10562171/
Why did Ayar Labs raise $500M? #tech,The investment and its strategic aim Ayar Labs closed a large funding round led by Neuberger Berman that values the company at roughly $3.8 billion. The capital will accelerate development and scaling of its core technology: replacing traditional copper inter…,Ayar Labs closed a large funding round led by Neuberger Berman that values the company at roughly $3.8 billion. The capital will accelerate development and scaling of its core technology: replacing t… [+1710 chars],2026-03-03T03:03:50Z,Alltoc.com,https://alltoc.com/tech/why-did-ayar-labs-raise-500m
Cursor has reportedly surpassed $2B in annualized revenue | TechCrunch,"The four-year-old startup saw its revenue run rate double over the past three months, according to one Bloomberg source.","The AI coding assistant Cursor has surpassed $2 billion in annualized revenue, a metric calculated by multiplying the latest months revenue by 12, according to a Bloomberg source. This individual say… [+1233 chars]",2026-03-03T01:53:59Z,TechCrunch,https://techcrunch.com/2026/03/02/cursor-has-reportedly-surpassed-2b-in-annualized-revenue/
RLWRLDへの投資,"[Z Venture Capital株式会社]
[画像: https://prcdn.freetls.fastly.net/release_image/41941/112/41941-112-1d655beda27aeb62baf827c212d56acb-1280x720.jpg?width=536&quality=85%2C75&format=jpeg&auto=webp&fit=bounds&am...","by Daniel Song
The article in English follows the Japanese version.
RLWRLDAI
3
RLWRLD
AI
RLWRLD
RLWRLD
RLWRLD
RLWRLD
RLWRLD
RLWRLD
RLWRLDAI
English Version
Manufacturing floors across E… [+3561 chars]",2026-03-03T01:40:27Z,Prtimes.jp,https://prtimes.jp/main/html/rd/p/000000112.000041941.html
UPI KYC for foreigners made easier; Iran conflict impact on GCCs,Happy Tuesday! NPCI is planning to ease digital payments for foreigners in India. This and more in today’s ETtech Morning Dispatch.,Happy Tuesday! NPCI is planning to ease digital payments for foreigners in India. This and more in todays ETtech Morning Dispatch.Also in the letter: Pronto raises fundsEV startup Bounce raises $5 mi… [+5400 chars],2026-03-03T01:32:38Z,The Times of India,https://economictimes.indiatimes.com/tech/newsletters/morning-dispatch/upi-kyc-for-foreigners-made-easier-iran-conflict-impact-on-gccs/articleshow/128957353.cms
CryptoFlux AI Review: Genuine Trading Platform or Fake? Reality Check,CryptoFlux AI emerges as a newly launched cryptocurrency trading platform designed to smooth and improve the overall trading experience for individuals interested in cryptocurrency markets. The platform states that it uses high-level methods such as artificia…,"CryptoFlux AI emerges as a newly launched cryptocurrency trading platform designed to smooth and improve the overall trading experience for individuals interested in cryptocurrency markets.
The plat… [+12839 chars]",2026-03-03T00:02:01Z,Whatjapanthinks.com,https://whatjapanthinks.com/cryptoflux-ai-review/
Senior Analytics Engineer – Product & Growth (AI Scale-Up),I’m working with one of Europe’s fastest-growing AI companies. They’ve: • Raised significant funding (with real liquidity events for employees) • Turned down acquisition offers from major global tech players • Built genuinely cutting-edge AI products operatin…,Im working with one of Europes fastest-growing AI companies. Theyve: Raised significant funding (with real liquidity events for employees) Turned down acquisition offers from major global tech player… [+1000 chars],2026-03-03T00:00:00Z,Nlppeople.com,https://nlppeople.com/job/senior-analytics-engineer-product-growth-ai-scale-up/
QuantgenX AI Review: Genuine Trading Platform or Fake? Reality Check,QuantgenX AI is introduced as a recently introduced digital asset trading solution built to smooth and improve the overall trading journey for individuals interested in crypto traders. The platform states that it uses modern tools such as smart computing and …,"QuantgenX AI is introduced as a recently introduced digital asset trading solution built to smooth and improve the overall trading journey for individuals interested in crypto traders.
The platform … [+12664 chars]",2026-03-02T23:52:01Z,Whatjapanthinks.com,https://whatjapanthinks.com/quantgenx-ai-review/
Swap Kantrex Fin Review: Genuine Trading Platform or Fake? Reality Check,Swap Kantrex Fin emerges as a freshly created online trading program designed to make easier and upgrade the overall user experience for individuals interested in crypto traders. The platform puts forward that it uses improved systems such as smart computing …,"Swap Kantrex Fin emerges as a freshly created online trading program designed to make easier and upgrade the overall user experience for individuals interested in crypto traders.
The platform puts f… [+12808 chars]",2026-03-02T23:41:46Z,Whatjapanthinks.com,https://whatjapanthinks.com/swap-kantrex-fin-review/
Nvidia burns $4B to light up American photonics manufacturing,"Coherent, Lumentum each walk away with $2B in cash and a multi-billion purchase commitment Nvidia is dipping into its war chest once again this week, investing $2 billion each in Coherent and Lumentum to lock in supply of the vendors' respective silicon photo…","Nvidia is dipping into its war chest once again this week, investing $2 billion each in Coherent and Lumentum to lock in supply of the vendors' respective silicon photonics technologies.
The $4 bill… [+2576 chars]",2026-03-02T23:33:43Z,Theregister.com,https://www.theregister.com/2026/03/02/nvidia_4b_us_photonics_manufacturing/
Ascenso Luxentia Review: Reliable Trading Platform or Scam? Our Findings,Ascenso Luxentia stands out as a newly developed cryptocurrency trading platform designed to make easier and improve the overall trading journey for individuals interested in crypto traders. The platform puts forward that it uses improved tools such as artifi…,"Ascenso Luxentia stands out as a newly developed cryptocurrency trading platform designed to make easier and improve the overall trading journey for individuals interested in crypto traders.
The pla… [+13007 chars]",2026-03-02T23:32:01Z,Whatjapanthinks.com,https://whatjapanthinks.com/ascenso-luxentia-review/
Credonexia Funziona Review: Genuine Trading Platform or Fake? Reality Check,Credonexia Funziona is introduced as a newly developed online trading program created to smooth and improve the overall trading experience for individuals interested in cryptocurrency markets. The platform suggests that it uses improved technologies such as A…,"Credonexia Funziona is introduced as a newly developed online trading program created to smooth and improve the overall trading experience for individuals interested in cryptocurrency markets.
The p… [+12911 chars]",2026-03-02T23:21:54Z,Whatjapanthinks.com,https://whatjapanthinks.com/credonexia-funziona-review/
Behavioral health software startup Ease Health launches with $41M,"Ease Health Inc., a startup that develops software for behavioral health providers, launched today with $41 million in funding. The Series A round was led by Andreessen Horowitz. Ease will use the capital to expand the adoption of its software among large beh…","Ease Health Inc., a startup that develops software for behavioral health providers, launched today with $41 million in funding.
The Series A round was led by Andreessen Horowitz. Ease will use the c… [+4179 chars]",2026-03-02T23:21:03Z,SiliconANGLE News,https://siliconangle.com/2026/03/02/behavioral-health-software-startup-ease-health-launches-41m/
UCSD to cut ties with Deepak Chopra over Epstein connection,"The Epstein files include the names of many of the world's most rich and powerful.One of them is a prominent figure in San Diego: bestselling author and wellness guru Deepak Chopra. He's mentioned in the files more than 4,000 times.UC San Diego told CNN that …","S1: Welcome in San Diego , it's Jade Hindman. On today's show , the fallout continues from wellness guru Deepak Chopra's more than 4000 mentions in The Epstein Files. Voice of San Diego's Jacob McWhi… [+12140 chars]",2026-03-02T23:11:00Z,KPBS,https://www.kpbs.org/podcasts/kpbs-midday-edition/ucsd-to-cut-ties-with-deepak-chopra-over-epstein-connection
Tess AI raises $5M to expand enterprise agent orchestration platform,Vibe-working with autonomous artificial intelligence agents startup Tess AI (Tess Tecnologia Ltda.) revealed today that it had raised $5 million in funding to support the continued development and expansion of its enterprise agent orchestration platform and i…,Vibe-working with autonomous artificial intelligence agents startup Tess AI (Tess Tecnologia Ltda.) revealed today that it had raised $5 million in funding to support the continued development and ex… [+3582 chars],2026-03-02T23:09:56Z,SiliconANGLE News,https://siliconangle.com/2026/03/02/tess-ai-raises-5m-expand-enterprise-agent-orchestration-platform/
I posed several prompts/questions to Claude AI (Sonnet 4.5) about Palantir's and Claude's involvement in Operation Epic Fury. Here are Claude's responses. (Vanity),"As many of you know, the Pentagon is employing Palantir in Operation Epic Fury. And Palantir's AI platform, AIP, operates on a frontier AI foundation which is a military-adapted version of Claude.Ergo, I submitted all my prompts/questions to Claude.Here are m…","Skip to comments.
I posed several prompts/questions to Claude AI (Sonnet 4.5) about Palantir's and Claude's involvement in Operation Epic Fury. Here are Claude's responses. (Vanity)Posted on 03/02/2… [+38029 chars]",2026-03-02T23:09:26Z,Freerepublic.com,https://freerepublic.com/focus/f-chat/4369019/posts
Risparmio Kivo Review: Real Trading Software or Scam? Facts Uncovered,Risparmio Kivo is introduced as a newly launched online trading program created to simplify and upgrade the overall trading experience for individuals interested in cryptocurrency markets. The platform claims that it uses improved technologies such as AI and …,"Risparmio Kivo is introduced as a newly launched online trading program created to simplify and upgrade the overall trading experience for individuals interested in cryptocurrency markets.
The platf… [+12805 chars]",2026-03-02T23:02:02Z,Whatjapanthinks.com,https://whatjapanthinks.com/risparmio-kivo-review/
Velbraynexus Review: Verified Trading Tool or Scam? Claims vs Reality,Velbraynexus stands out as a recently introduced cryptocurrency trading platform built to make easier and enhance the overall trading journey for individuals interested in cryptocurrency markets. The platform claims that it uses advanced tools such as artific…,"Velbraynexus stands out as a recently introduced cryptocurrency trading platform built to make easier and enhance the overall trading journey for individuals interested in cryptocurrency markets.
Th… [+12817 chars]",2026-03-02T22:41:52Z,Whatjapanthinks.com,https://whatjapanthinks.com/velbraynexus-review/
"With 473 Million Children Living in or Fleeing Conflict Zones, Speakers in Security Council Advocate Digital Education to Ensure Learning","Digital education, when designed with robust safeguards, can ensure children can access learning even when conflict shuts down schools, the Security Council heard today at its first March meeting under the United States presidency of that body.","(Note:  A complete summary of today's Security Council meeting will be available at a later time.) 
Digital education, when designed with robust safeguards, can ensure children can access learning e… [+5431 chars]",2026-03-02T22:32:25Z,UN News,https://press.un.org/en/2026/sc16308.doc.htm
Quantyx Rise Review: Reliable Trading Platform or Scam? Our Findings,Quantyx Rise is introduced as a newly launched cryptocurrency trading platform created to make easier and improve the overall trading journey for individuals interested in crypto traders. The platform puts forward that it uses modern systems such as smart com…,"Quantyx Rise is introduced as a newly launched cryptocurrency trading platform created to make easier and improve the overall trading journey for individuals interested in crypto traders.
The platfo… [+12697 chars]",2026-03-02T22:31:47Z,Whatjapanthinks.com,https://whatjapanthinks.com/quantyx-rise-review/
Stake Qif Ai Review: Verified Trading Tool or Scam? Claims vs Reality,Stake Qif Ai presents itself as a newly developed online trading program designed to simplify and improve the overall investing process for individuals interested in digital asset investors. The platform puts forward that it uses advanced technologies such as…,"Stake Qif Ai presents itself as a newly developed online trading program designed to simplify and improve the overall investing process for individuals interested in digital asset investors.
The pla… [+12742 chars]",2026-03-02T22:21:45Z,Whatjapanthinks.com,https://whatjapanthinks.com/stake-qif-ai-review/
Vire Elvon Review: Genuine Trading Platform or Fake? Reality Check,Vire Elvon stands out as a freshly created cryptocurrency trading platform built to simplify and improve the overall user experience for individuals interested in online market participants. The platform states that it uses modern methods such as machine inte…,"Vire Elvon stands out as a freshly created cryptocurrency trading platform built to simplify and improve the overall user experience for individuals interested in online market participants.
The pla… [+12715 chars]",2026-03-02T22:12:01Z,Whatjapanthinks.com,https://whatjapanthinks.com/vire-elvon-review/
trading software Review: Trusted Trading System or Fraud? Results Exposed,trading software emerges as a freshly created online trading program created to make easier and enhance the overall investing process for individuals interested in digital asset investors. The platform suggests that it uses high-level technologies such as mac…,"trading software emerges as a freshly created online trading program created to make easier and enhance the overall investing process for individuals interested in digital asset investors.
The platf… [+12943 chars]",2026-03-02T22:02:01Z,Whatjapanthinks.com,https://whatjapanthinks.com/trading-software-review/
Swap Adipex Ai Review: Scam or Legit Trading Platform? Truth Revealed,Swap Adipex Ai is introduced as a newly developed digital asset trading solution designed to simplify and strengthen the overall trading journey for individuals interested in cryptocurrency markets. The platform states that it uses advanced methods such as ar…,"Swap Adipex Ai is introduced as a newly developed digital asset trading solution designed to simplify and strengthen the overall trading journey for individuals interested in cryptocurrency markets.… [+12829 chars]",2026-03-02T21:52:02Z,Whatjapanthinks.com,https://whatjapanthinks.com/swap-adipex-ai-review/
Nexora Group Review: Legit or Scam? Full Breakdown,Nexora Group is introduced as a recently introduced online trading program developed to streamline and improve the overall trading experience for individuals interested in crypto traders. The platform states that it uses improved tools such as AI and automate…,"Nexora Group is introduced as a recently introduced online trading program developed to streamline and improve the overall trading experience for individuals interested in crypto traders.
The platfo… [+12801 chars]",2026-03-02T21:41:47Z,Whatjapanthinks.com,https://whatjapanthinks.com/nexora-group-review/
"Nvidia invests $4B in co-packaged optics suppliers Lumentum, Coherent","Nvidia Corp. today announced plans to invest in Lumentum Holdings Inc. and Coherent Corp., two publicly traded suppliers of optical networking equipment. Each company is set to receive $2 billion. Nvidia stated that the sum includes a “multibillion-dollar pur…","Nvidia Corp. today announced plans to invest in Lumentum Holdings Inc. and Coherent Corp., two publicly traded suppliers of optical networking equipment.
Each company is set to receive $2 billion. N… [+4040 chars]",2026-03-02T21:34:55Z,SiliconANGLE News,https://siliconangle.com/2026/03/02/nvidia-invests-4b-co-packaged-optics-suppliers-lumentum-coherent/
$110 Billion in Name Only,"I wrote last month about the announcement economy, where bombast and news releases are meant to dominate news cycles. Being right or wrong doesn’t matter. Whether the money actually arrives is a different question entirely. OpenAI’s $110 billion funding round…","I wrote last month about the announcement economy, where bombast and news releases are meant to dominate news cycles. Being right or wrong doesn’t matter. Whether the money actually arrives is a diff… [+2568 chars]",2026-03-02T21:21:44Z,Om.co,https://om.co/2026/03/02/110-billion-in-name-only/
The Race to Build the World’s First Commercial Fusion Plant Is Heating Up,Private and government stakeholders alike seem to believe that fusion energy is right around the corner.,"Achieving stable fusion reactions is one thing. Bringing the technology to commercial markets is another challengeand the race is slated to heat up even more, as Germany has now entered the scene.
I… [+3318 chars]",2026-03-02T21:05:54Z,Gizmodo.com,https://gizmodo.com/germany-enters-the-race-to-bring-the-first-commercial-fusion-plant-to-grids-2000728434
"New York-based Ease Health, which is building an AI-native OS for behavioral health providers, emerged from stealth and raised a $41M Series A led by a16z (Vignesh R/Tech Funding News)","Vignesh R / Tech Funding News:
New York-based Ease Health, which is building an AI-native OS for behavioral health providers, emerged from stealth and raised a $41M Series A led by a16z  —  Behavioural health providers across the US are struggling with outdat…","About This Page
This is a Techmeme archive page.
It shows how the site appeared at 4:00 PM ET, March 2, 2026.
The most current version of the site as always is available at our home page.
To view… [+67 chars]",2026-03-02T21:00:49Z,Techmeme.com,https://www.techmeme.com/260302/p35
“Podcast” meant nothing and everything at On Air Fest,"Brooklyn: Rachel Martin didn’t quite believe that anybody had figured out the economics of audio. “If anyone claims they know how to do it, they’re lying,” she said. “A couple of people are making money, but they’re not here.” It was the opening session of On…","Brooklyn: Rachel Martin didn’t quite believe that anybody had figured out the economics of audio.
“If anyone claims they know how to do it, they’re lying,” she said. “A couple of people are making m… [+6831 chars]",2026-03-02T20:57:16Z,Niemanlab.org,https://www.niemanlab.org/2026/03/podcast-meant-nothing-and-everything-at-on-air-fest/
Finance Pilot Unveiled: How the AI Finance Pilot Platform Sets the Next Evolution in Automated Trading Intelligence,"New York City, NY, March  02, 2026  (GLOBE NEWSWIRE) --  Introduction – What is Finance Pilot  Finance Pilot is presented as a technology-driven digital...","New York City, NY, March 02, 2026 (GLOBE NEWSWIRE) -- Introduction What is Finance Pilot
Finance Pilot is presented as a technology-driven digital trading platform
 built to facilitate access to mu… [+23099 chars]",2026-03-02T20:21:00Z,GlobeNewswire,https://www.globenewswire.com/news-release/2026/03/02/3247797/0/en/Finance-Pilot-Unveiled-How-the-AI-Finance-Pilot-Platform-Sets-the-Next-Evolution-in-Automated-Trading-Intelligence.html
How to Use AI To Extend the Functionality of WordPress Plugins,"AI can help WordPress developers extend existing plugins when a feature is missing. Learn how to pick the right plugin, use documentation in prompts, and package changes in a custom plugin for easier maintenance.
The post How to Use AI To Extend the Functiona…",Artificial intelligence (AI) technology can make life easier for WordPress developers. We can use it to increase our efficiency and coding capabilities. AI takes the pain out of tasks like troublesho… [+5905 chars],2026-03-02T20:12:34Z,Speckyboy.com,https://speckyboy.com/ai-extend-wordpress-plugins/
Anti-war candidates pose early test for US Democrats after attacks on Iran,"Nida Alla, Kat Abughazaleh among those seeking new aims for Dems in midterms, including abolishing ICE and ending wars.","A punishing 2024 election cycle for US Democrats has accelerated a years-long debate over the partys future and what voters want in a political age dominated by United States President Donald Trump.… [+11219 chars]",2026-03-02T20:02:03Z,Al Jazeera English,https://www.aljazeera.com/news/2026/3/2/anti-war-candidates-pose-early-test-for-us-democrats-after-attacks-on-iran
Anthropic’s chatbot Claude goes down amid ‘unprecedented demand’,"Nearly 2,000 users had reported Claude AI service disruptions at the outage’s peak around 6:40 a.m. New York time.","By Shona Ghosh | Bloomberg
Anthropic PBCs artificial intelligence chatbot Claude and related consumer-facing applications went down early Monday, with the startup saying it has been grappling with u… [+2795 chars]",2026-03-02T19:22:03Z,OCRegister,https://www.ocregister.com/2026/03/02/anthropics-chatbot-claude-goes-down-amid-unprecedented-demand/
